{"epsilon":0.20994907974112673,"learning_rate":0.01049745398705631,"episode":17,"_timestamp":1.7393119834225624e+09,"score":330,"_runtime":195.1490113,"_step":3137,"_wandb":{"runtime":195},"loss":0.009803316555917263}