{"episode":68,"_timestamp":1.7393112098913157e+09,"_runtime":474.8623625,"_step":7596,"learning_rate":0.03431606442504893,"loss":0.008450414054095745,"_wandb":{"runtime":474},"score":18,"epsilon":0.6863212885009752}