{"episode":4,"_runtime":88.4417785,"learning_rate":6.532369535089063e-10,"_step":1421,"_wandb":{"runtime":88},"loss":0.04823748394846916,"score":35,"epsilon":0.00998645168764533,"_timestamp":1.7393100884212704e+09}