{"loss":0.00011774532322306186,"epsilon":0.01786215438933485,"_step":804,"score":229,"learning_rate":3.1265203648032844e-05,"episode":1,"_wandb":{"runtime":52},"_timestamp":1.7393101968121943e+09,"_runtime":52.0282476}