{"_timestamp":1.7393105840981045e+09,"score":19,"_wandb":{"runtime":91},"learning_rate":3.201187690670397e-08,"_step":1421,"episode":2,"epsilon":0.00998645168764533,"loss":8.918812568481371e-07,"_runtime":91.5377453}