{"_timestamp":1.7393112262256188e+09,"loss":0.01397329568862915,"learning_rate":0.04990508782229809,"_step":107,"episode":0,"epsilon":0.9981017564459614,"_runtime":3.7426499,"_wandb":{"runtime":3},"score":70}