{"episode":26,"_timestamp":1.7393107162995608e+09,"learning_rate":0.049501252900003095,"epsilon":0.9801495663377517,"_wandb":{"runtime":124},"loss":0.0002023458800977096,"_runtime":124.2849297,"score":178,"_step":2031}