{"score":10060,"_runtime":1818.4003792,"_wandb":{"runtime":1818},"loss":0.00017959310207515955,"learning_rate":0.00021491300358370916,"episode":209,"_step":27440,"epsilon":0.11307689684552563,"_timestamp":1.7393138082668982e+09}