{"score":6,"episode":2,"_wandb":{"runtime":10},"_timestamp":1.7393098117130992e+09,"_runtime":10.8518664,"_step":184,"learning_rate":0.001,"loss":0.00493478262796998,"epsilon":0.4016064652978155}