{"_timestamp":1.739311781703281e+09,"loss":2.2009040549164638e-05,"_wandb":{"runtime":499},"_runtime":499.4304447,"epsilon":0.6819427490621541,"score":31,"learning_rate":0.03409713745310784,"_step":7759,"episode":103}